name,age,monthly_income,monthly_debt,credit_score,loan_amount,property_value,employment_years,employment_type,education,marital_status,property_type,loan_approved
Rajesh Kumar,35,45000,15000,720,800000,1200000,8,salaried,graduate,married,residential,1
Priya Sharma,28,35000,8000,680,600000,900000,5,salaried,post_graduate,single,residential,1
Amit Patel,42,55000,20000,750,1000000,1500000,12,business,graduate,married,commercial,1
Sunita Devi,31,25000,12000,620,400000,600000,3,salaried,diploma,married,residential,0
Vikram Singh,38,60000,18000,780,1200000,1800000,15,business,post_graduate,married,commercial,1
Kavita Joshi,29,30000,10000,650,500000,750000,4,salaried,graduate,single,residential,1
Ramesh Yadav,45,40000,25000,580,700000,1000000,20,self_employed,high_school,married,agricultural,0
Anita Gupta,33,48000,16000,710,900000,1350000,10,salaried,post_graduate,married,residential,1
Suresh Kumar,26,22000,7000,640,350000,500000,2,salaried,diploma,single,residential,0
Meera Singh,39,52000,19000,760,1100000,1650000,14,business,graduate,married,commercial,1
Ajay Verma,32,38000,14000,690,650000,950000,7,salaried,graduate,married,residential,1
Pooja Agarwal,27,28000,9000,630,450000,650000,3,salaried,post_graduate,single,residential,0
Ravi Tiwari,41,50000,22000,740,950000,1400000,18,self_employed,graduate,married,agricultural,1
Neha Sharma,30,32000,11000,660,550000,800000,5,salaried,graduate,married,residential,1
Manoj Kumar,36,42000,17000,700,750000,1100000,9,salaried,diploma,married,residential,1
Sushma Devi,34,35000,13000,675,600000,850000,6,salaried,high_school,married,residential,0
Rajesh Gupta,29,26000,8000,645,400000,600000,3,salaried,graduate,single,residential,0
Anjali Singh,37,46000,15000,725,850000,1250000,11,salaried,post_graduate,married,residential,1
Vikash Kumar,33,39000,16000,685,700000,1000000,8,salaried,graduate,married,residential,1
Poonam Sharma,31,31000,12000,655,500000,750000,4,salaried,diploma,married,residential,0
